#CHROM,POS,ID,REF,ALT,QUAL,FILTER,INFO,FORMAT,1_125,3_5555,4_7565,5_9
4,71566,rs13125929,T,C,.,PASS,PR,GT,0/1,0/1,0/0
4,87113,rs2006748,T,C,.,PASS,PR,GT,0/1,0/0,0/0
4,110646,rs11729894,C,T,.,PASS,PR,GT,0/1,0/0,1/1
4,142550,rs11738742,T,C,.,PASS,PR,GT,0/1,0/0,0/0
4,200631,rs7626124,A,G,.,PASS,PR,GT,0/1,1/1,0/1
4,221623,rs6595945,G,T,.,PASS,PR,GT,0/0,0/0,0/0
4,87113,rs2005448,T,C,.,PASS,PR,GT,0/1,0/0,0/0
chr4,110646,rs43727494,C,T,.,PASS,PR,GT,0/1,0/0,1/1
4,72566,rs13143929,T,C,.,PASS,PR,GT,0/1,0/1,0/0
4,89113,rs2003248,T,C,.,PASS,PR,GT,0/1,0/0,0/0
4,110546,rs11732494,C,T,.,PASS,PR,GT,0/1,0/0,1/1
4,142350,rs11734742,T,C,.,PASS,PR,GT,0/1,0/0,0/0
4,100631,rs3826124,A,G,.,PASS,PR,GT,0/1,1/1,0/1
4,421623,rs3695945,G,T,.,PASS,PR,GT,0/0,0/0,0/0
4,87123,rs2006248,T,C,.,PASS,PR,GT,0/1,0/0,0/0
chr4,140646,rs13727494,C,T,.,PASS,PR,GT,0/1,0/0,1/1
4,71506,rs13128929,T,C,.,PASS,PR,GT,0/1,0/1,0/0
4,87114,rs2006948,T,C,.,PASS,PR,GT,0/1,0/0,0/0
4,112646,rs11728494,C,T,.,PASS,PR,GT,0/1,0/0,1/1
4,142580,rs11738742,T,C,.,PASS,PR,GT,0/1,0/0,0/0
4,201631,rs8826124,A,G,.,PASS,PR,GT,0/1,1/1,0/1
4,222623,rs8695945,G,T,.,PASS,PR,GT,0/0,0/0,0/0
4,87233,rs2006848,T,C,.,PASS,PR,GT,0/1,0/0,0/0
chr4,120646,rs12727494,C,T,.,PASS,PR,GT,0/1,0/0,1/1
chr4,150446,rs12333494,C,T,.,PASS,PR,GT,0/1,0/0,1/1
chr4,175446,rs12543494,C,T,.,PASS,PR,GT,0/1,0/0,1/1
chr4,129546,rs16537494,C,T,.,PASS,PR,GT,0/1,0/0,1/1
